-- phpMyAdmin SQL Dump
-- version 5.0.1
-- https://www.phpmyadmin.net/
--
-- Host: 127.0.0.1
-- Generation Time: Jan 26, 2021 at 10:14 PM
-- Server version: 10.4.11-MariaDB
-- PHP Version: 7.4.3

SET SQL_MODE = "NO_AUTO_VALUE_ON_ZERO";
SET AUTOCOMMIT = 0;
START TRANSACTION;
SET time_zone = "+00:00";


/*!40101 SET @OLD_CHARACTER_SET_CLIENT=@@CHARACTER_SET_CLIENT */;
/*!40101 SET @OLD_CHARACTER_SET_RESULTS=@@CHARACTER_SET_RESULTS */;
/*!40101 SET @OLD_COLLATION_CONNECTION=@@COLLATION_CONNECTION */;
/*!40101 SET NAMES utf8mb4 */;

--
-- Database: `codejava`
--

-- --------------------------------------------------------

--
-- Table structure for table `product`
--

CREATE TABLE `product` (
  `id` int(11) NOT NULL,
  `name` varchar(255) DEFAULT NULL,
  `brand` varchar(255) DEFAULT NULL,
  `madein` varchar(255) DEFAULT NULL,
  `price` float DEFAULT NULL
) ENGINE=InnoDB DEFAULT CHARSET=utf8;

--
-- Dumping data for table `product`
--

INSERT INTO `product` (`id`, `name`, `brand`, `madein`, `price`) VALUES
(1, 'My Product', 'Gucci', 'USA', 100),
(2, 'Nokia 4.7', 'nokia', 'China', 24);

-- --------------------------------------------------------

--
-- Table structure for table `roles`
--

CREATE TABLE `roles` (
  `role_id` int(11) NOT NULL,
  `name` varchar(45) NOT NULL
) ENGINE=InnoDB DEFAULT CHARSET=utf8;

--
-- Dumping data for table `roles`
--

INSERT INTO `roles` (`role_id`, `name`) VALUES
(1, 'USER'),
(2, 'CREATOR'),
(3, 'EDITOR'),
(4, 'ADMIN');

-- --------------------------------------------------------

--
-- Table structure for table `users`
--

CREATE TABLE `users` (
  `user_id` int(11) NOT NULL,
  `email` varchar(45) NOT NULL,
  `username` varchar(45) NOT NULL,
  `password` varchar(64) NOT NULL,
  `enabled` tinyint(4) DEFAULT NULL
) ENGINE=InnoDB DEFAULT CHARSET=utf8;

--
-- Dumping data for table `users`
--

INSERT INTO `users` (`user_id`, `email`, `username`, `password`, `enabled`) VALUES
(1, '', 'patrick', '$2a$10$cTUErxQqYVyU2qmQGIktpup5chLEdhD2zpzNEyYqmxrHHJbSNDOG.', 1),
(10, 'alex@gmail.com', 'alex', '$2a$10$.tP2OH3dEG0zms7vek4ated5AiQ.EGkncii0OpCcGq4bckS9NOULu', 1),
(11, 'john@gmail.com', 'john', '$2a$10$E2UPv7arXmp3q0LzVzCBNeb4B4AtbTAGjkefVDnSztOwE7Gix6kea', 1),
(12, 'namhm@gmail.com', 'namhm', '$2a$10$GQT8bfLMaLYwlyUysnGwDu6HMB5G.tin5MKT/uduv2Nez0.DmhnOq', 1),
(13, 'admin@gmail.com', 'admin', '$2a$10$IqTJTjn39IU5.7sSCDQxzu3xug6z/LPU6IF0azE/8CkHCwYEnwBX.', 1);

-- --------------------------------------------------------

--
-- Table structure for table `users_roles`
--

CREATE TABLE `users_roles` (
  `user_id` int(11) NOT NULL,
  `role_id` int(11) NOT NULL
) ENGINE=InnoDB DEFAULT CHARSET=utf8;

--
-- Dumping data for table `users_roles`
--

INSERT INTO `users_roles` (`user_id`, `role_id`) VALUES
(1, 1),
(10, 2),
(11, 3),
(12, 2),
(13, 4);

--
-- Indexes for dumped tables
--

--
-- Indexes for table `product`
--
ALTER TABLE `product`
  ADD PRIMARY KEY (`id`);

--
-- Indexes for table `roles`
--
ALTER TABLE `roles`
  ADD PRIMARY KEY (`role_id`);

--
-- Indexes for table `users`
--
ALTER TABLE `users`
  ADD PRIMARY KEY (`user_id`),
  ADD UNIQUE KEY `email_UNIQUE` (`email`);

--
-- Indexes for table `users_roles`
--
ALTER TABLE `users_roles`
  ADD KEY `user_fk_idx` (`user_id`),
  ADD KEY `role_fk_idx` (`role_id`);

--
-- AUTO_INCREMENT for dumped tables
--

--
-- AUTO_INCREMENT for table `product`
--
ALTER TABLE `product`
  MODIFY `id` int(11) NOT NULL AUTO_INCREMENT, AUTO_INCREMENT=3;

--
-- AUTO_INCREMENT for table `roles`
--
ALTER TABLE `roles`
  MODIFY `role_id` int(11) NOT NULL AUTO_INCREMENT, AUTO_INCREMENT=5;

--
-- AUTO_INCREMENT for table `users`
--
ALTER TABLE `users`
  MODIFY `user_id` int(11) NOT NULL AUTO_INCREMENT, AUTO_INCREMENT=14;

--
-- Constraints for dumped tables
--

--
-- Constraints for table `users_roles`
--
ALTER TABLE `users_roles`
  ADD CONSTRAINT `role_fk` FOREIGN KEY (`role_id`) REFERENCES `roles` (`role_id`),
  ADD CONSTRAINT `user_fk` FOREIGN KEY (`user_id`) REFERENCES `users` (`user_id`);
COMMIT;

/*!40101 SET CHARACTER_SET_CLIENT=@OLD_CHARACTER_SET_CLIENT */;
/*!40101 SET CHARACTER_SET_RESULTS=@OLD_CHARACTER_SET_RESULTS */;
/*!40101 SET COLLATION_CONNECTION=@OLD_COLLATION_CONNECTION */;
